2023-05-12,music,Iota
2023-08-25,music,Rope
2023-10-16,music,.setique - harm
2024-03-02,music,Simulated Microcosm
2024-08-17,music,FORM All Nighter vol. 9
2024-08-23,music,Precision
2024-08-30,music,crazyn7uts
2024-09-24,contraption,modal synth
2024-09-26,contraption,filter crazy
2024-09-29,contraption,noise injection
2024-11-17,contraption,buffer-gen
2024-11-18,music,Creature
2024-12-07,music,Texture
2025-01-09,music,TECH 201 Etude
2025-01-15,music,dipe preme 
2025-01-20,contraption,melda algos
2025-01-22,contraption,module editor
2025-01-28,music,pigments 6 demo
2025-02-07,music,FORM any% vol. 2
2025-03-21,music,Album of Life
2025-04-15,video,turbo style
2025-3-25,music,new item haha syssss
yyyy-mm-dd,contraption,combobulator brains
yyyy-mm-dd,contraption,john feedback explorer
yyyy-mm-dd,contraption,25 parallel delays
yyyy-mm-dd,contraption,bad reverb
yyyy-mm-dd,contraption,battery muncher
